doc_id,source,upload_date,sha256
D-0001,upload,2026-06-01,sha256-d-0001
D-0002,partner,2026-06-02,sha256-d-0002
D-0003,regulator,2026-06-03,sha256-d-0003
D-0004,internal-review,2026-06-04,sha256-d-0004
D-0005,upload,2026-06-05,sha256-d-0005
D-0006,partner,2026-06-06,sha256-d-0006
D-0007,regulator,2026-06-07,sha256-d-0007
D-0008,internal-review,2026-06-08,sha256-d-0008
D-0009,upload,2026-06-09,sha256-d-0009
D-0010,partner,2026-06-10,sha256-d-0010
D-0011,regulator,2026-06-11,sha256-d-0011
D-0012,internal-review,2026-06-12,sha256-d-0012
D-0013,upload,2026-06-13,sha256-d-0013
D-0014,partner,2026-06-14,sha256-d-0014
D-0015,regulator,2026-06-15,sha256-d-0015
D-0016,internal-review,2026-06-16,sha256-d-0016
D-0017,upload,2026-06-17,sha256-d-0017
D-0018,partner,2026-06-18,sha256-d-0018
D-0019,regulator,2026-06-19,sha256-d-0019
D-0020,internal-review,2026-06-20,sha256-d-0020
D-0021,upload,2026-06-21,sha256-d-0021
D-0022,partner,2026-06-22,sha256-d-0022
D-0023,regulator,2026-06-23,sha256-d-0023
D-0024,internal-review,2026-06-24,sha256-d-0024
D-0025,upload,2026-06-25,sha256-d-0025
D-0026,partner,2026-06-26,sha256-d-0026
D-0027,regulator,2026-06-27,sha256-d-0027
D-0028,internal-review,2026-06-28,sha256-d-0028
D-0029,upload,2026-06-29,sha256-d-0029
D-0030,partner,2026-06-30,sha256-d-0030
D-0031,regulator,2026-07-01,sha256-d-0031
D-0032,internal-review,2026-07-02,sha256-d-0032
D-0033,upload,2026-07-03,sha256-d-0033
D-0034,partner,2026-07-04,sha256-d-0034
D-0035,regulator,2026-07-05,sha256-d-0035
D-0036,internal-review,2026-07-06,sha256-d-0036
D-0037,upload,2026-07-07,sha256-d-0037
D-0038,partner,2026-07-08,sha256-d-0038
D-0039,regulator,2026-07-09,sha256-d-0039
D-0040,internal-review,2026-07-10,sha256-d-0040
D-0041,upload,2026-07-11,sha256-d-0041
D-0042,partner,2026-07-12,sha256-d-0042
D-0043,regulator,2026-07-13,sha256-d-0043
D-0044,internal-review,2026-07-14,sha256-d-0044
D-0045,upload,2026-03-12,sha256-synthetic-d-0045
D-0046,partner,2026-03-14,sha256-synthetic-d-0046
D-0047,internal-review,2026-03-15,sha256-synthetic-d-0047
D-0048,internal-review,2026-03-16,sha256-synthetic-d-0048
D-0049,internal-review,2026-03-17,sha256-synthetic-d-0049
D-0050,regulator,2026-03-18,sha256-synthetic-d-0050
D-0051,internal-review,2026-03-19,sha256-synthetic-d-0051
D-0052,upload,2026-03-20,sha256-synthetic-d-0052
D-0053,upload,2026-03-23,sha256-synthetic-d-0053
D-0054,upload,2026-03-24,sha256-synthetic-d-0054
D-0055,partner,2026-03-26,sha256-synthetic-d-0055
D-0056,internal-review,2026-03-27,sha256-synthetic-d-0056
D-0057,regulator,2026-03-28,sha256-synthetic-d-0057
D-0058,regulator,2026-03-29,sha256-synthetic-d-0058
D-0059,partner,2026-03-30,sha256-synthetic-d-0059
D-0060,regulator,2026-04-01,sha256-synthetic-d-0060
D-0061,partner,2026-04-02,sha256-synthetic-d-0061
D-0062,internal-review,2026-04-04,sha256-synthetic-d-0062
D-0063,partner,2026-04-05,sha256-synthetic-d-0063
D-0064,internal-review,2026-04-06,sha256-synthetic-d-0064
D-0065,regulator,2026-04-07,sha256-synthetic-d-0065
D-0066,upload,2026-04-08,sha256-synthetic-d-0066
D-0067,internal-review,2026-04-09,sha256-synthetic-d-0067
D-0068,regulator,2026-04-10,sha256-synthetic-d-0068
D-0069,regulator,2026-04-11,sha256-synthetic-d-0069
D-0070,internal-review,2026-04-13,sha256-synthetic-d-0070
D-0071,regulator,2026-04-14,sha256-synthetic-d-0071
D-0072,internal-review,2026-04-16,sha256-synthetic-d-0072
D-0073,partner,2026-04-17,sha256-synthetic-d-0073
D-0074,regulator,2026-04-19,sha256-synthetic-d-0074
D-0075,partner,2026-04-20,sha256-synthetic-d-0075
D-0076,partner,2026-04-22,sha256-synthetic-d-0076
D-0077,regulator,2026-04-25,sha256-synthetic-d-0077
D-0078,upload,2026-04-28,sha256-synthetic-d-0078
D-0079,internal-review,2026-05-01,sha256-synthetic-d-0079
D-0080,partner,2026-05-04,sha256-synthetic-d-0080
D-0081,upload,2026-05-07,sha256-synthetic-d-0081
D-0082,partner,2026-05-08,sha256-synthetic-d-0082
D-0083,upload,2026-05-10,sha256-synthetic-d-0083
D-0084,upload,2026-05-13,sha256-synthetic-d-0084
D-0085,regulator,2026-05-14,sha256-synthetic-d-0085
D-0086,upload,2026-05-16,sha256-synthetic-d-0086
D-0087,internal-review,2026-05-17,sha256-synthetic-d-0087
D-0088,upload,2026-05-18,sha256-synthetic-d-0088
D-0089,partner,2026-05-19,sha256-synthetic-d-0089
D-0090,internal-review,2026-05-22,sha256-synthetic-d-0090
D-0091,regulator,2026-05-25,sha256-synthetic-d-0091
D-0092,upload,2026-05-28,sha256-synthetic-d-0092
D-0093,partner,2026-05-31,sha256-synthetic-d-0093
D-0094,partner,2026-06-01,sha256-synthetic-d-0094
D-0095,partner,2026-06-03,sha256-synthetic-d-0095
D-0096,partner,2026-06-04,sha256-synthetic-d-0096
D-0097,internal-review,2026-06-05,sha256-synthetic-d-0097
D-0098,partner,2026-06-06,sha256-synthetic-d-0098
D-0099,partner,2026-06-07,sha256-synthetic-d-0099
D-0100,regulator,2026-06-09,sha256-synthetic-d-0100
D-0101,regulator,2026-06-10,sha256-synthetic-d-0101
D-0102,partner,2026-06-12,sha256-synthetic-d-0102
D-0103,internal-review,2026-06-15,sha256-synthetic-d-0103
D-0104,partner,2026-06-18,sha256-synthetic-d-0104
D-0105,regulator,2026-06-21,sha256-synthetic-d-0105
D-0106,regulator,2026-06-22,sha256-synthetic-d-0106
D-0107,internal-review,2026-06-24,sha256-synthetic-d-0107
D-0108,partner,2026-06-27,sha256-synthetic-d-0108
D-0109,internal-review,2026-06-28,sha256-synthetic-d-0109
D-0110,partner,2026-01-01,sha256-synthetic-d-0110
D-0111,regulator,2026-01-02,sha256-synthetic-d-0111
D-0112,regulator,2026-01-03,sha256-synthetic-d-0112
D-0113,upload,2026-01-04,sha256-synthetic-d-0113
D-0114,upload,2026-01-07,sha256-synthetic-d-0114
D-0115,upload,2026-01-10,sha256-synthetic-d-0115
D-0116,partner,2026-01-11,sha256-synthetic-d-0116
D-0117,upload,2026-01-13,sha256-synthetic-d-0117
D-0118,partner,2026-01-14,sha256-synthetic-d-0118
D-0119,upload,2026-01-15,sha256-synthetic-d-0119
D-0120,regulator,2026-01-16,sha256-synthetic-d-0120
D-0121,partner,2026-01-19,sha256-synthetic-d-0121
D-0122,regulator,2026-01-20,sha256-synthetic-d-0122
D-0123,partner,2026-01-21,sha256-synthetic-d-0123
D-0124,upload,2026-01-22,sha256-synthetic-d-0124
D-0125,partner,2026-01-25,sha256-synthetic-d-0125
D-0126,regulator,2026-01-26,sha256-synthetic-d-0126
D-0127,regulator,2026-01-27,sha256-synthetic-d-0127
D-0128,internal-review,2026-01-28,sha256-synthetic-d-0128
D-0129,partner,2026-01-31,sha256-synthetic-d-0129
D-0130,upload,2026-02-01,sha256-synthetic-d-0130
D-0131,internal-review,2026-02-03,sha256-synthetic-d-0131
D-0132,upload,2026-02-06,sha256-synthetic-d-0132
D-0133,regulator,2026-02-07,sha256-synthetic-d-0133
D-0134,partner,2026-02-09,sha256-synthetic-d-0134
D-0135,internal-review,2026-02-10,sha256-synthetic-d-0135
D-0136,internal-review,2026-02-11,sha256-synthetic-d-0136
D-0137,regulator,2026-02-12,sha256-synthetic-d-0137
D-0138,upload,2026-02-13,sha256-synthetic-d-0138
D-0139,upload,2026-02-15,sha256-synthetic-d-0139
D-0140,partner,2026-02-16,sha256-synthetic-d-0140
D-0141,internal-review,2026-02-18,sha256-synthetic-d-0141
D-0142,partner,2026-02-21,sha256-synthetic-d-0142
D-0143,partner,2026-02-22,sha256-synthetic-d-0143
D-0144,upload,2026-02-24,sha256-synthetic-d-0144
D-0145,internal-review,2026-02-25,sha256-synthetic-d-0145
D-0146,internal-review,2026-02-26,sha256-synthetic-d-0146
D-0147,upload,2026-02-27,sha256-synthetic-d-0147
D-0148,upload,2026-02-28,sha256-synthetic-d-0148
D-0149,internal-review,2026-03-01,sha256-synthetic-d-0149
D-0150,internal-review,2026-03-02,sha256-synthetic-d-0150
D-0151,regulator,2026-03-05,sha256-synthetic-d-0151
D-0152,internal-review,2026-03-06,sha256-synthetic-d-0152
D-0153,internal-review,2026-03-08,sha256-synthetic-d-0153
D-0154,partner,2026-03-09,sha256-synthetic-d-0154
D-0155,regulator,2026-03-11,sha256-synthetic-d-0155
D-0156,upload,2026-03-12,sha256-synthetic-d-0156
D-0157,upload,2026-03-14,sha256-synthetic-d-0157
D-0158,partner,2026-03-17,sha256-synthetic-d-0158
D-0159,partner,2026-03-18,sha256-synthetic-d-0159
D-0160,partner,2026-03-20,sha256-synthetic-d-0160
D-0161,upload,2026-03-21,sha256-synthetic-d-0161
D-0162,upload,2026-03-23,sha256-synthetic-d-0162
D-0163,regulator,2026-03-26,sha256-synthetic-d-0163
D-0164,internal-review,2026-03-27,sha256-synthetic-d-0164
D-0165,regulator,2026-03-28,sha256-synthetic-d-0165
D-0166,regulator,2026-03-29,sha256-synthetic-d-0166
D-0167,regulator,2026-03-30,sha256-synthetic-d-0167
D-0168,internal-review,2026-04-01,sha256-synthetic-d-0168
D-0169,upload,2026-04-02,sha256-synthetic-d-0169
D-0170,partner,2026-04-03,sha256-synthetic-d-0170
D-0171,regulator,2026-04-04,sha256-synthetic-d-0171
D-0172,internal-review,2026-04-05,sha256-synthetic-d-0172
D-0173,regulator,2026-04-07,sha256-synthetic-d-0173
D-0174,upload,2026-04-08,sha256-synthetic-d-0174
D-0175,upload,2026-04-09,sha256-synthetic-d-0175
D-0176,regulator,2026-04-10,sha256-synthetic-d-0176
D-0177,partner,2026-04-11,sha256-synthetic-d-0177
D-0178,partner,2026-04-13,sha256-synthetic-d-0178
D-0179,upload,2026-04-14,sha256-synthetic-d-0179
D-0180,regulator,2026-04-15,sha256-synthetic-d-0180
D-0181,regulator,2026-04-16,sha256-synthetic-d-0181
D-0182,internal-review,2026-04-17,sha256-synthetic-d-0182
D-0183,regulator,2026-04-18,sha256-synthetic-d-0183
D-0184,internal-review,2026-04-19,sha256-synthetic-d-0184
D-0185,upload,2026-04-20,sha256-synthetic-d-0185
D-0186,internal-review,2026-04-22,sha256-synthetic-d-0186
D-0187,internal-review,2026-04-23,sha256-synthetic-d-0187
D-0188,upload,2026-04-24,sha256-synthetic-d-0188
D-0189,regulator,2026-04-25,sha256-synthetic-d-0189
D-0190,partner,2026-04-26,sha256-synthetic-d-0190
D-0191,regulator,2026-04-28,sha256-synthetic-d-0191
D-0192,internal-review,2026-04-29,sha256-synthetic-d-0192
D-0193,partner,2026-05-01,sha256-synthetic-d-0193
D-0194,internal-review,2026-05-02,sha256-synthetic-d-0194
D-0195,partner,2026-05-04,sha256-synthetic-d-0195
D-0196,regulator,2026-05-07,sha256-synthetic-d-0196
D-0197,internal-review,2026-05-08,sha256-synthetic-d-0197
D-0198,regulator,2026-05-10,sha256-synthetic-d-0198
D-0199,partner,2026-05-13,sha256-synthetic-d-0199
D-0200,regulator,2026-05-14,sha256-synthetic-d-0200
D-0201,upload,2026-05-16,sha256-synthetic-d-0201
D-0202,internal-review,2026-05-17,sha256-synthetic-d-0202
D-0203,internal-review,2026-05-19,sha256-synthetic-d-0203
D-0204,internal-review,2026-05-22,sha256-synthetic-d-0204
D-0205,partner,2026-05-23,sha256-synthetic-d-0205
D-0206,internal-review,2026-05-24,sha256-synthetic-d-0206
D-0207,internal-review,2026-05-25,sha256-synthetic-d-0207
D-0208,internal-review,2026-05-28,sha256-synthetic-d-0208
D-0209,internal-review,2026-05-29,sha256-synthetic-d-0209
D-0210,partner,2026-05-31,sha256-synthetic-d-0210
D-0211,upload,2026-06-01,sha256-synthetic-d-0211
D-0212,partner,2026-06-03,sha256-synthetic-d-0212
D-0213,partner,2026-06-06,sha256-synthetic-d-0213
D-0214,internal-review,2026-06-07,sha256-synthetic-d-0214
D-0215,upload,2026-06-08,sha256-synthetic-d-0215
D-0216,upload,2026-06-09,sha256-synthetic-d-0216
D-0217,partner,2026-06-12,sha256-synthetic-d-0217
D-0218,internal-review,2026-06-13,sha256-synthetic-d-0218
D-0219,upload,2026-06-14,sha256-synthetic-d-0219
D-0220,upload,2026-06-15,sha256-synthetic-d-0220
D-0221,internal-review,2026-06-16,sha256-synthetic-d-0221
D-0222,upload,2026-06-18,sha256-synthetic-d-0222
D-0223,partner,2026-06-19,sha256-synthetic-d-0223
D-0224,regulator,2026-06-21,sha256-synthetic-d-0224
D-0225,internal-review,2026-06-22,sha256-synthetic-d-0225
D-0226,upload,2026-06-24,sha256-synthetic-d-0226
D-0227,partner,2026-06-25,sha256-synthetic-d-0227
D-0228,internal-review,2026-06-27,sha256-synthetic-d-0228
D-0229,partner,2026-06-28,sha256-synthetic-d-0229
D-0230,regulator,2026-06-29,sha256-synthetic-d-0230
D-0231,partner,2026-01-01,sha256-synthetic-d-0231
D-0232,partner,2026-01-02,sha256-synthetic-d-0232
D-0233,upload,2026-01-04,sha256-synthetic-d-0233
D-0234,internal-review,2026-01-05,sha256-synthetic-d-0234
D-0235,regulator,2026-01-06,sha256-synthetic-d-0235
D-0236,upload,2026-01-07,sha256-synthetic-d-0236
D-0237,partner,2026-01-10,sha256-synthetic-d-0237
D-0238,upload,2026-01-11,sha256-synthetic-d-0238
D-0239,regulator,2026-01-12,sha256-synthetic-d-0239
D-0240,internal-review,2026-01-13,sha256-synthetic-d-0240
D-0241,upload,2026-01-16,sha256-synthetic-d-0241
D-0242,regulator,2026-01-17,sha256-synthetic-d-0242
D-0243,upload,2026-01-18,sha256-synthetic-d-0243
D-0244,internal-review,2026-01-19,sha256-synthetic-d-0244
D-0245,partner,2026-01-20,sha256-synthetic-d-0245
D-0246,regulator,2026-01-22,sha256-synthetic-d-0246
D-0247,regulator,2026-01-23,sha256-synthetic-d-0247
D-0248,partner,2026-01-25,sha256-synthetic-d-0248
D-0249,upload,2026-01-26,sha256-synthetic-d-0249
D-0250,internal-review,2026-01-28,sha256-synthetic-d-0250
D-0251,partner,2026-01-31,sha256-synthetic-d-0251
D-0252,regulator,2026-02-01,sha256-synthetic-d-0252
D-0253,partner,2026-02-03,sha256-synthetic-d-0253
D-0254,upload,2026-02-06,sha256-synthetic-d-0254
D-0255,regulator,2026-02-07,sha256-synthetic-d-0255
D-0256,internal-review,2026-02-08,sha256-synthetic-d-0256
D-0257,internal-review,2026-02-09,sha256-synthetic-d-0257
D-0258,upload,2026-02-10,sha256-synthetic-d-0258
D-0259,upload,2026-02-11,sha256-synthetic-d-0259
D-0260,internal-review,2026-02-12,sha256-synthetic-d-0260
D-0261,upload,2026-02-15,sha256-synthetic-d-0261
D-0262,partner,2026-02-16,sha256-synthetic-d-0262
D-0263,regulator,2026-02-17,sha256-synthetic-d-0263
D-0264,regulator,2026-02-18,sha256-synthetic-d-0264
D-0265,internal-review,2026-02-19,sha256-synthetic-d-0265
D-0266,upload,2026-02-21,sha256-synthetic-d-0266
D-0267,upload,2026-02-22,sha256-synthetic-d-0267
D-0268,partner,2026-02-24,sha256-synthetic-d-0268
D-0269,internal-review,2026-02-25,sha256-synthetic-d-0269
D-0270,partner,2026-02-26,sha256-synthetic-d-0270
D-0271,partner,2026-02-27,sha256-synthetic-d-0271
D-0272,upload,2026-02-28,sha256-synthetic-d-0272
D-0273,partner,2026-03-01,sha256-synthetic-d-0273
D-0274,partner,2026-03-02,sha256-synthetic-d-0274
D-0275,upload,2026-03-03,sha256-synthetic-d-0275
D-0276,regulator,2026-03-05,sha256-synthetic-d-0276
D-0277,upload,2026-03-08,sha256-synthetic-d-0277
D-0278,upload,2026-03-09,sha256-synthetic-d-0278
D-0279,internal-review,2026-03-11,sha256-synthetic-d-0279
D-0280,regulator,2026-03-12,sha256-synthetic-d-0280
D-0281,regulator,2026-03-13,sha256-synthetic-d-0281
D-0282,regulator,2026-03-14,sha256-synthetic-d-0282
D-0283,internal-review,2026-03-15,sha256-synthetic-d-0283
D-0284,upload,2026-03-17,sha256-synthetic-d-0284
D-0285,upload,2026-03-18,sha256-synthetic-d-0285
D-0286,partner,2026-03-20,sha256-synthetic-d-0286
D-0287,partner,2026-03-21,sha256-synthetic-d-0287
D-0288,partner,2026-03-22,sha256-synthetic-d-0288
D-0289,regulator,2026-03-23,sha256-synthetic-d-0289
D-0290,internal-review,2026-03-26,sha256-synthetic-d-0290
D-0291,partner,2026-03-27,sha256-synthetic-d-0291
D-0292,partner,2026-03-28,sha256-synthetic-d-0292
D-0293,partner,2026-03-29,sha256-synthetic-d-0293
D-0294,internal-review,2026-03-30,sha256-synthetic-d-0294
D-0295,internal-review,2026-04-01,sha256-synthetic-d-0295
D-0296,regulator,2026-04-04,sha256-synthetic-d-0296
D-0297,partner,2026-04-07,sha256-synthetic-d-0297
D-0298,internal-review,2026-04-08,sha256-synthetic-d-0298
D-0299,internal-review,2026-04-10,sha256-synthetic-d-0299
D-0300,internal-review,2026-04-11,sha256-synthetic-d-0300
D-0301,regulator,2026-04-13,sha256-synthetic-d-0301
D-0302,upload,2026-04-14,sha256-synthetic-d-0302
D-0303,partner,2026-04-16,sha256-synthetic-d-0303
D-0304,regulator,2026-04-17,sha256-synthetic-d-0304
D-0305,partner,2026-04-18,sha256-synthetic-d-0305
D-0306,internal-review,2026-04-19,sha256-synthetic-d-0306
D-0307,regulator,2026-04-22,sha256-synthetic-d-0307
D-0308,internal-review,2026-04-23,sha256-synthetic-d-0308
D-0309,partner,2026-04-24,sha256-synthetic-d-0309
D-0310,upload,2026-04-25,sha256-synthetic-d-0310
D-0311,internal-review,2026-04-26,sha256-synthetic-d-0311
D-0312,regulator,2026-04-28,sha256-synthetic-d-0312
D-0313,internal-review,2026-05-01,sha256-synthetic-d-0313
D-0314,partner,2026-05-02,sha256-synthetic-d-0314
D-0315,upload,2026-05-03,sha256-synthetic-d-0315
D-0316,regulator,2026-05-04,sha256-synthetic-d-0316
D-0317,partner,2026-05-05,sha256-synthetic-d-0317
D-0318,internal-review,2026-05-06,sha256-synthetic-d-0318
D-0319,regulator,2026-05-07,sha256-synthetic-d-0319
D-0320,regulator,2026-05-08,sha256-synthetic-d-0320
D-0321,internal-review,2026-05-09,sha256-synthetic-d-0321
D-0322,upload,2026-05-10,sha256-synthetic-d-0322
D-0323,internal-review,2026-05-13,sha256-synthetic-d-0323
D-0324,upload,2026-05-14,sha256-synthetic-d-0324
D-0325,regulator,2026-05-16,sha256-synthetic-d-0325
D-0326,internal-review,2026-05-19,sha256-synthetic-d-0326
D-0327,internal-review,2026-05-22,sha256-synthetic-d-0327
D-0328,upload,2026-05-23,sha256-synthetic-d-0328
D-0329,internal-review,2026-05-24,sha256-synthetic-d-0329
D-0330,upload,2026-05-25,sha256-synthetic-d-0330
D-0331,internal-review,2026-05-26,sha256-synthetic-d-0331
D-0332,upload,2026-05-28,sha256-synthetic-d-0332
D-0333,partner,2026-05-29,sha256-synthetic-d-0333
D-0334,upload,2026-05-31,sha256-synthetic-d-0334
D-0335,regulator,2026-06-01,sha256-synthetic-d-0335
D-0336,regulator,2026-06-02,sha256-synthetic-d-0336
D-0337,upload,2026-06-03,sha256-synthetic-d-0337
D-0338,upload,2026-06-04,sha256-synthetic-d-0338
D-0339,internal-review,2026-06-06,sha256-synthetic-d-0339
D-0340,regulator,2026-06-07,sha256-synthetic-d-0340
D-0341,regulator,2026-06-09,sha256-synthetic-d-0341
D-0342,regulator,2026-06-10,sha256-synthetic-d-0342
D-0343,partner,2026-06-11,sha256-synthetic-d-0343
D-0344,partner,2026-06-12,sha256-synthetic-d-0344
D-0345,partner,2026-06-13,sha256-synthetic-d-0345
D-0346,partner,2026-06-15,sha256-synthetic-d-0346
D-0347,regulator,2026-06-18,sha256-synthetic-d-0347
D-0348,partner,2026-06-19,sha256-synthetic-d-0348
D-0349,partner,2026-06-21,sha256-synthetic-d-0349
D-0350,upload,2026-06-22,sha256-synthetic-d-0350
D-0351,internal-review,2026-06-24,sha256-synthetic-d-0351
D-0352,upload,2026-06-27,sha256-synthetic-d-0352
D-0353,partner,2026-01-01,sha256-synthetic-d-0353
D-0354,upload,2026-01-04,sha256-synthetic-d-0354
D-0355,regulator,2026-01-05,sha256-synthetic-d-0355
D-0356,regulator,2026-01-06,sha256-synthetic-d-0356
D-0357,regulator,2026-01-07,sha256-synthetic-d-0357
D-0358,internal-review,2026-01-08,sha256-synthetic-d-0358
D-0359,regulator,2026-01-10,sha256-synthetic-d-0359
D-0360,upload,2026-01-11,sha256-synthetic-d-0360
D-0361,regulator,2026-01-13,sha256-synthetic-d-0361
D-0362,regulator,2026-01-14,sha256-synthetic-d-0362
D-0363,partner,2026-01-16,sha256-synthetic-d-0363
D-0364,partner,2026-01-19,sha256-synthetic-d-0364
D-0365,partner,2026-01-22,sha256-synthetic-d-0365
D-0366,regulator,2026-01-23,sha256-synthetic-d-0366
D-0367,internal-review,2026-01-24,sha256-synthetic-d-0367
D-0368,upload,2026-01-25,sha256-synthetic-d-0368
D-0369,partner,2026-01-28,sha256-synthetic-d-0369
D-0370,partner,2026-01-31,sha256-synthetic-d-0370
D-0371,internal-review,2026-02-01,sha256-synthetic-d-0371
D-0372,partner,2026-02-02,sha256-synthetic-d-0372
D-0373,internal-review,2026-02-03,sha256-synthetic-d-0373
D-0374,upload,2026-02-04,sha256-synthetic-d-0374
D-0375,regulator,2026-02-06,sha256-synthetic-d-0375
D-0376,regulator,2026-02-07,sha256-synthetic-d-0376
D-0377,internal-review,2026-02-09,sha256-synthetic-d-0377
D-0378,partner,2026-02-12,sha256-synthetic-d-0378
D-0379,upload,2026-02-15,sha256-synthetic-d-0379
D-0380,internal-review,2026-02-18,sha256-synthetic-d-0380
D-0381,upload,2026-02-19,sha256-synthetic-d-0381
D-0382,internal-review,2026-02-21,sha256-synthetic-d-0382
D-0383,upload,2026-02-22,sha256-synthetic-d-0383
D-0384,upload,2026-02-23,sha256-synthetic-d-0384
D-0385,regulator,2026-02-24,sha256-synthetic-d-0385
D-0386,internal-review,2026-02-27,sha256-synthetic-d-0386
D-0387,internal-review,2026-03-02,sha256-synthetic-d-0387
D-0388,upload,2026-03-03,sha256-synthetic-d-0388
D-0389,regulator,2026-03-05,sha256-synthetic-d-0389
D-0390,internal-review,2026-03-06,sha256-synthetic-d-0390
D-0391,internal-review,2026-03-07,sha256-synthetic-d-0391
D-0392,internal-review,2026-03-08,sha256-synthetic-d-0392
D-0393,upload,2026-03-09,sha256-synthetic-d-0393
D-0394,upload,2026-03-11,sha256-synthetic-d-0394
D-0395,partner,2026-03-14,sha256-synthetic-d-0395
D-0396,internal-review,2026-03-17,sha256-synthetic-d-0396
D-0397,internal-review,2026-03-20,sha256-synthetic-d-0397
D-0398,regulator,2026-03-21,sha256-synthetic-d-0398
D-0399,internal-review,2026-03-23,sha256-synthetic-d-0399
D-0400,internal-review,2026-03-24,sha256-synthetic-d-0400
D-0401,internal-review,2026-03-25,sha256-synthetic-d-0401
D-0402,regulator,2026-03-26,sha256-synthetic-d-0402
D-0403,regulator,2026-03-29,sha256-synthetic-d-0403
D-0404,internal-review,2026-04-01,sha256-synthetic-d-0404
D-0405,internal-review,2026-04-02,sha256-synthetic-d-0405
D-0406,regulator,2026-04-04,sha256-synthetic-d-0406
D-0407,partner,2026-04-05,sha256-synthetic-d-0407
D-0408,regulator,2026-04-07,sha256-synthetic-d-0408
D-0409,partner,2026-04-08,sha256-synthetic-d-0409
D-0410,partner,2026-04-09,sha256-synthetic-d-0410
D-0411,internal-review,2026-04-10,sha256-synthetic-d-0411
D-0412,upload,2026-04-11,sha256-synthetic-d-0412
D-0413,regulator,2026-04-12,sha256-synthetic-d-0413
D-0414,partner,2026-04-13,sha256-synthetic-d-0414
D-0415,internal-review,2026-04-14,sha256-synthetic-d-0415
D-0416,regulator,2026-04-15,sha256-synthetic-d-0416
D-0417,partner,2026-04-16,sha256-synthetic-d-0417
D-0418,regulator,2026-04-17,sha256-synthetic-d-0418
D-0419,internal-review,2026-04-19,sha256-synthetic-d-0419
D-0420,upload,2026-04-20,sha256-synthetic-d-0420
D-0421,upload,2026-04-21,sha256-synthetic-d-0421
D-0422,regulator,2026-04-22,sha256-synthetic-d-0422
D-0423,partner,2026-04-23,sha256-synthetic-d-0423
D-0424,regulator,2026-04-25,sha256-synthetic-d-0424
D-0425,upload,2026-04-26,sha256-synthetic-d-0425
D-0426,upload,2026-04-28,sha256-synthetic-d-0426
D-0427,partner,2026-04-29,sha256-synthetic-d-0427
D-0428,internal-review,2026-05-01,sha256-synthetic-d-0428
D-0429,upload,2026-05-02,sha256-synthetic-d-0429
D-0430,upload,2026-05-03,sha256-synthetic-d-0430
D-0431,internal-review,2026-05-04,sha256-synthetic-d-0431
D-0432,upload,2026-05-05,sha256-synthetic-d-0432
D-0433,regulator,2026-05-06,sha256-synthetic-d-0433
D-0434,regulator,2026-05-07,sha256-synthetic-d-0434
D-0435,internal-review,2026-05-10,sha256-synthetic-d-0435
D-0436,partner,2026-05-11,sha256-synthetic-d-0436
D-0437,upload,2026-05-13,sha256-synthetic-d-0437
D-0438,partner,2026-05-16,sha256-synthetic-d-0438
D-0439,upload,2026-05-17,sha256-synthetic-d-0439
D-0440,partner,2026-05-18,sha256-synthetic-d-0440
D-0441,partner,2026-05-19,sha256-synthetic-d-0441
D-0442,partner,2026-05-20,sha256-synthetic-d-0442
D-0443,partner,2026-05-21,sha256-synthetic-d-0443
D-0444,regulator,2026-05-22,sha256-synthetic-d-0444
D-0445,partner,2026-05-23,sha256-synthetic-d-0445
D-0446,internal-review,2026-05-24,sha256-synthetic-d-0446
D-0447,regulator,2026-05-25,sha256-synthetic-d-0447
D-0448,partner,2026-05-26,sha256-synthetic-d-0448
D-0449,upload,2026-05-28,sha256-synthetic-d-0449
D-0450,upload,2026-05-29,sha256-synthetic-d-0450
D-0451,regulator,2026-05-31,sha256-synthetic-d-0451
D-0452,internal-review,2026-06-01,sha256-synthetic-d-0452
D-0453,upload,2026-06-02,sha256-synthetic-d-0453
D-0454,upload,2026-06-03,sha256-synthetic-d-0454
D-0455,partner,2026-06-04,sha256-synthetic-d-0455
D-0456,upload,2026-06-05,sha256-synthetic-d-0456
D-0457,regulator,2026-06-06,sha256-synthetic-d-0457
D-0458,upload,2026-06-09,sha256-synthetic-d-0458
D-0459,regulator,2026-06-10,sha256-synthetic-d-0459
D-0460,upload,2026-06-12,sha256-synthetic-d-0460
D-0461,partner,2026-06-15,sha256-synthetic-d-0461
D-0462,internal-review,2026-06-16,sha256-synthetic-d-0462
D-0463,upload,2026-06-18,sha256-synthetic-d-0463
D-0464,upload,2026-06-19,sha256-synthetic-d-0464
D-0465,internal-review,2026-06-20,sha256-synthetic-d-0465
D-0466,partner,2026-06-21,sha256-synthetic-d-0466
D-0467,upload,2026-06-22,sha256-synthetic-d-0467
D-0468,internal-review,2026-06-23,sha256-synthetic-d-0468
D-0469,internal-review,2026-06-24,sha256-synthetic-d-0469
D-0470,partner,2026-06-27,sha256-synthetic-d-0470
D-0471,internal-review,2026-06-28,sha256-synthetic-d-0471
D-0472,regulator,2026-01-01,sha256-synthetic-d-0472
D-0473,internal-review,2026-01-02,sha256-synthetic-d-0473
D-0474,internal-review,2026-01-03,sha256-synthetic-d-0474
D-0475,upload,2026-01-04,sha256-synthetic-d-0475
D-0476,partner,2026-01-07,sha256-synthetic-d-0476
D-0477,internal-review,2026-01-08,sha256-synthetic-d-0477
D-0478,partner,2026-01-10,sha256-synthetic-d-0478
D-0479,partner,2026-01-11,sha256-synthetic-d-0479
D-0480,upload,2026-01-12,sha256-synthetic-d-0480
D-0481,partner,2026-01-13,sha256-synthetic-d-0481
D-0482,regulator,2026-01-14,sha256-synthetic-d-0482
D-0483,regulator,2026-01-16,sha256-synthetic-d-0483
D-0484,partner,2026-01-19,sha256-synthetic-d-0484
D-0485,upload,2026-01-20,sha256-synthetic-d-0485
D-0486,regulator,2026-01-21,sha256-synthetic-d-0486
D-0487,partner,2026-01-22,sha256-synthetic-d-0487
D-0488,regulator,2026-01-23,sha256-synthetic-d-0488
D-0489,partner,2026-01-25,sha256-synthetic-d-0489
D-0490,internal-review,2026-01-26,sha256-synthetic-d-0490
D-0491,upload,2026-01-28,sha256-synthetic-d-0491
D-0492,partner,2026-01-29,sha256-synthetic-d-0492
D-0493,upload,2026-01-30,sha256-synthetic-d-0493
D-0494,regulator,2026-01-31,sha256-synthetic-d-0494
